{
    "results": [
        {
            "SEGMENT": "Commercial Individual Blue",
            "STATE": "CA",
            "MEMBERSHIP": 273804.74193541,
            "POPULATION": 112331
        },
        {
            "SEGMENT": "Commercial Individual Blue",
            "STATE": "CO",
            "MEMBERSHIP": 106017.90322575,
            "POPULATION": 145262
        },
        {
            "SEGMENT": "Commercial Individual Blue",
            "STATE": "CT",
            "MEMBERSHIP": 85307.74193542,
            "POPULATION": 122313
        },
        {
            "SEGMENT": "Commercial Individual Blue",
            "STATE": "GA",
            "MEMBERSHIP": 139666.32258068,
            "POPULATION": 213453
        },
        {
            "SEGMENT": "Commercial Individual Blue",
            "STATE": "IN",
            "MEMBERSHIP": 106248.16129009,
            "POPULATION": 235631
        },
        {
            "SEGMENT": "Commercial Individual Blue",
            "STATE": "KY",
            "MEMBERSHIP": 50805.38709664,
            "POPULATION": 323431
        },
        {
            "SEGMENT": "Commercial Individual Blue",
            "STATE": "ME",
            "MEMBERSHIP": 32858.77419346,
            "POPULATION": 342654
        },
        {
            "SEGMENT": "Commercial Individual Blue",
            "STATE": "MO",
            "MEMBERSHIP": 61854.74193542,
            "POPULATION": 637627
        },
        {
            "SEGMENT": "Commercial Individual Blue",
            "STATE": "NH",
            "MEMBERSHIP": 45107.41935476,
            "POPULATION": 736762
        },
        {
            "SEGMENT": "Commercial Individual Blue",
            "STATE": "NV",
            "MEMBERSHIP": 23323.54838709,
            "POPULATION": 234654
        },
        {
            "SEGMENT": "Commercial Individual Blue",
            "STATE": "NY",
            "MEMBERSHIP": 24459.7419354,
            "POPULATION": 334213
        },
        {
            "SEGMENT": "Commercial Individual Blue",
            "STATE": "OH",
            "MEMBERSHIP": 104328.41935487,
            "POPULATION": 453764
        },
        {
            "SEGMENT": "Commercial Individual Blue",
            "STATE": "VA",
            "MEMBERSHIP": 141628.74193551,
            "POPULATION": 345175
        },
        {
            "SEGMENT": "Commercial Individual Blue",
            "STATE": "WI",
            "MEMBERSHIP": 82721.96774176,
            "POPULATION": 455433
        },
        {
            "SEGMENT": "Commercial Individual Green",
            "STATE": "FL",
            "MEMBERSHIP": 8085.16129022,
            "POPULATION": 876208
        },
        {
            "SEGMENT": "Commercial Individual Green",
            "STATE": "MD",
            "MEMBERSHIP": 930.03225807,
            "POPULATION": 156351
        },
        {
            "SEGMENT": "Commercial Individual Green",
            "STATE": "TX",
            "MEMBERSHIP": 36907.38709675,
            "POPULATION": 162531
        },
        {
            "SEGMENT": "Large Group",
            "STATE": "CA",
            "MEMBERSHIP": 712867.96774152,
            "POPULATION": 121213
        },
        {
            "SEGMENT": "Large Group",
            "STATE": "CO",
            "MEMBERSHIP": 40455.80645161,
            "POPULATION": 437665
        },
        {
            "SEGMENT": "Large Group",
            "STATE": "CT",
            "MEMBERSHIP": 38343.54838718,
            "POPULATION": 827475
        },
        {
            "SEGMENT": "Large Group",
            "STATE": "GA",
            "MEMBERSHIP": 86746.45161341,
            "POPULATION": 325436
        },
        {
            "SEGMENT": "Large Group",
            "STATE": "IN",
            "MEMBERSHIP": 83840.22580709,
            "POPULATION": 565326
        },
        {
            "SEGMENT": "Large Group",
            "STATE": "KY",
            "MEMBERSHIP": 149631.32258108,
            "POPULATION": 837574
        },
        {
            "SEGMENT": "Large Group",
            "STATE": "ME",
            "MEMBERSHIP": 11793.61290325,
            "POPULATION": 736372
        },
        {
            "SEGMENT": "Large Group",
            "STATE": "MO",
            "MEMBERSHIP": 52894.64516102,
            "POPULATION": 262732
        },
        {
            "SEGMENT": "Large Group",
            "STATE": "NH",
            "MEMBERSHIP": 41695.0967743,
            "POPULATION": 384748
        },
        {
            "SEGMENT": "Large Group",
            "STATE": "NV",
            "MEMBERSHIP": 36090.38709681,
            "POPULATION": 464736
        },
        {
            "SEGMENT": "Large Group",
            "STATE": "NY",
            "MEMBERSHIP": 168122.51612905,
            "POPULATION": 364736
        },
        {
            "SEGMENT": "Large Group",
            "STATE": "OH",
            "MEMBERSHIP": 183743.32258134,
            "POPULATION": 263726
        },
        {
            "SEGMENT": "Large Group",
            "STATE": "VA",
            "MEMBERSHIP": 121051.32258216,
            "POPULATION": 782271
        },
        {
            "SEGMENT": "Large Group",
            "STATE": "WI",
            "MEMBERSHIP": 66019.83870986,
            "POPULATION": 343342
        },
        {
            "SEGMENT": "National",
            "STATE": "CA",
            "MEMBERSHIP": 27086.38709684,
            "POPULATION": 332443
        },
        {
            "SEGMENT": "National",
            "STATE": "CT",
            "MEMBERSHIP": 2748.51612898,
            "POPULATION": 345655
        },
        {
            "SEGMENT": "National",
            "STATE": "GA",
            "MEMBERSHIP": 43189.80645136,
            "POPULATION": 325343
        },
        {
            "SEGMENT": "National",
            "STATE": "IN",
            "MEMBERSHIP": 4758.74193546,
            "POPULATION": 171871
        },
        {
            "SEGMENT": "National",
            "STATE": "KY",
            "MEMBERSHIP": 190.99999998,
            "POPULATION": 125271
        },
        {
            "SEGMENT": "National",
            "STATE": "MO",
            "MEMBERSHIP": 1015.48387095,
            "POPULATION": 162762
        },
        {
            "SEGMENT": "National",
            "STATE": "NH",
            "MEMBERSHIP": 1256.35483871,
            "POPULATION": 189283
        },
        {
            "SEGMENT": "National",
            "STATE": "NY",
            "MEMBERSHIP": 8710.35483869,
            "POPULATION": 257367
        },
        {
            "SEGMENT": "National",
            "STATE": "OH",
            "MEMBERSHIP": 31104.29032238,
            "POPULATION": 287827
        },
        {
            "SEGMENT": "National",
            "STATE": "VA",
            "MEMBERSHIP": 1921.12903229,
            "POPULATION": 474748
        },
        {
            "SEGMENT": "National",
            "STATE": "WI",
            "MEMBERSHIP": 10.0,
            "POPULATION": 262837
        },
        {
            "SEGMENT": "Small Group",
            "STATE": "CA",
            "MEMBERSHIP": 573245.19354818,
            "POPULATION": 368374
        },
        {
            "SEGMENT": "Small Group",
            "STATE": "CO",
            "MEMBERSHIP": 54621.32258062,
            "POPULATION": 286482
        },
        {
            "SEGMENT": "Small Group",
            "STATE": "CT",
            "MEMBERSHIP": 48368.99999997,
            "POPULATION": 387482
        },
        {
            "SEGMENT": "Small Group",
            "STATE": "GA",
            "MEMBERSHIP": 56027.32258049,
            "POPULATION": 782472
        },
        {
            "SEGMENT": "Small Group",
            "STATE": "IN",
            "MEMBERSHIP": 77532.935484,
            "POPULATION": 473497
        },
        {
            "SEGMENT": "Small Group",
            "STATE": "KY",
            "MEMBERSHIP": 74341.77419358,
            "POPULATION": 347934
        },
        {
            "SEGMENT": "Small Group",
            "STATE": "ME",
            "MEMBERSHIP": 21555.38709674,
            "POPULATION": 348394
        },
        {
            "SEGMENT": "Small Group",
            "STATE": "MO",
            "MEMBERSHIP": 72133.16129026,
            "POPULATION": 237239
        },
        {
            "SEGMENT": "Small Group",
            "STATE": "NH",
            "MEMBERSHIP": 42351.61290326,
            "POPULATION": 294248
        },
        {
            "SEGMENT": "Small Group",
            "STATE": "NV",
            "MEMBERSHIP": 23522.06451609,
            "POPULATION": 243435
        },
        {
            "SEGMENT": "Small Group",
            "STATE": "NY",
            "MEMBERSHIP": 34063.12903244,
            "POPULATION": 243434
        },
        {
            "SEGMENT": "Small Group",
            "STATE": "OH",
            "MEMBERSHIP": 135706.87096778,
            "POPULATION": 566577
        },
        {
            "SEGMENT": "Small Group",
            "STATE": "VA",
            "MEMBERSHIP": 127862.77419341,
            "POPULATION": 243465
        },
        {
            "SEGMENT": "Small Group",
            "STATE": "WI",
            "MEMBERSHIP": 30247.87096768,
            "POPULATION": 343435
        }
    ],
    "columns": [
        "SEGMENT",
        "STATE",
        "MEMBERSHIP",
        "POPULATION"
    ]
}